log2FoldChange,padj,Gene_id
-5.0617063409223,0.0,gene_4345
-3.93558100541332,0.0,gene_5483
-2.8783715974089,2.31653254961252e-224,gene_6467
-2.82941799745913,8.4667180593157e-43,gene_826
-2.79599224318687,9.34371269586293e-51,gene_3649
-2.69124981173493,0.0,gene_6842
-2.63734564767702,6.8693127119694e-251,gene_7345
-2.4847536072757,7.96141045476219e-75,gene_2770
-2.47210887892884,6.46470147951424e-59,gene_4901
-2.3984854469601,4.35558801140714e-20,gene_3647
-2.361355076234,4.50424003087272e-241,gene_4900
-2.27582866205324,3.48546037021392e-76,gene_3608
-2.26161994078711,0.0,gene_778
-2.16653684724867,8.8419674134969e-11,gene_5984
-2.15096685171638,1.74167460845076e-295,gene_76
-2.10449160369768,2.492904321714e-51,gene_649
-2.07405672650031,6.35581458005e-110,gene_5820
-2.02846322194712,0.0,gene_32
-2.01845097481355,1.46184974085984e-41,gene_739
-1.99529071063371,1.43638782951136e-160,gene_4005
-1.96299373346333,2.51212662270681e-191,gene_1584
-1.95292206993644,7.40793730531026e-235,gene_7625
-1.93576006810594,1.29539062637949e-73,gene_4728
-1.92900940965016,7.80163302578166e-63,gene_3365
-1.90682050992876,6.84927713514527e-28,gene_5084
-1.89711137212749,5.86678182298336e-82,gene_3635
-1.88885316061629,1.50006046125385e-24,gene_5202
-1.88861676519853,2.64736705155603e-07,gene_50
-1.88102138552826,2.93363837049185e-45,gene_2319
-1.86933796465857,1.062881922714e-107,gene_2392
-1.85680745734497,5.55850889802997e-14,gene_2083
-1.84893219791741,9.26424792284268e-40,gene_2617
-1.83501081990795,7.43099785029221e-06,gene_2219
-1.83336352146309,1.07566949775124e-55,gene_2144
-1.83111731324236,3.32368192118076e-55,gene_5292
-1.83068292261465,2.45383866750879e-35,gene_5903
-1.81264625406692,2.99527570101055e-48,gene_7377
-1.81230327479297,9.8041996405874e-14,gene_162
-1.79933572347935,1.66148783224139e-33,gene_1702
-1.79810006988508,4.24848901997522e-41,gene_3244
-1.77242286071943,6.0244250519876e-54,gene_2522
-1.76795172999029,5.57996011946321e-34,gene_3650
-1.76687517253067,3.12132049847086e-13,gene_2082
-1.7642377406552,1.08378362815493e-06,gene_3636
-1.7578107837248,4.19119825518974e-21,gene_2713
-1.74543297194784,3.39554705368151e-23,gene_5420
-1.70812616038321,7.90658610753897e-44,gene_904
-1.70638827777846,3.18133511660828e-72,gene_4262
-1.68891827181867,4.21666755652053e-45,gene_7216
-1.67269635971457,1.44036358116164e-173,gene_1768
-1.67000025083577,1.44689335489469e-52,gene_6503
-1.65666707939434,8.63063053400072e-57,gene_3407
-1.6539176648042,7.13797211027615e-37,gene_6355
-1.65241746575664,2.12672809067541e-32,gene_5270
-1.64700580562695,0.000116542599349,gene_752
-1.63523773768391,1.30278156882688e-45,gene_3451
-1.63282385293626,4.11256328232596e-60,gene_7120
-1.62859275913901,1.90615025453241e-77,gene_1988
-1.62335806285275,7.29588084853988e-21,gene_4225
-1.609457297926,4.93278251378838e-30,gene_6062
-1.59584065266568,2.03281004760734e-18,gene_5301
-1.57913015262047,1.27684491765886e-39,gene_4672
-1.57709617812195,1.81551981648001e-14,gene_144
-1.57595086416136,5.7623545918333e-24,gene_441
-1.57382338890358,1.19189559187558e-34,gene_1879
-1.55090326853359,7.98432822600387e-52,gene_5276
-1.53624864144314,3.45532473520574e-51,gene_2924
-1.53130138145176,1.36583406765779e-36,gene_1682
-1.52858201668308,4.58226018668181e-26,gene_7514
-1.52252292877412,2.15245761768451e-33,gene_4679
-1.5210140142318,4.14999014095904e-151,gene_161
-1.52070334965305,1.23482912843741e-14,gene_3135
-1.52046343039914,3.14976761556236e-43,gene_6832
-1.51556000839429,1.10172356479764e-08,gene_3567
-1.5138143119453,2.57184741323897e-139,gene_5170
-1.51220306602197,3.30509723675471e-34,gene_3741
-1.51015081845663,1.54365368741646e-79,gene_5562
-1.50981791905497,1.79325682740639e-28,gene_6954
-1.50456669370234,2.24666455647765e-43,gene_7590
-1.50363318649972,6.12318126818847e-20,gene_2501
-1.50324934310177,1.02871038661864e-30,gene_2987
-1.49867137503138,1.15669471938257e-40,gene_2012
-1.49008303685532,4.57946171058163e-58,gene_6023
-1.48848267300439,1.56845638379326e-25,gene_5856
-1.48389641726469,0.002549001884724,gene_501
-1.48071121445003,2.5850815795232e-42,gene_7430
-1.4777007648682,8.05969145386227e-24,gene_6266
-1.4771481462565,6.46660414143725e-78,gene_2536
-1.46876571448848,2.76150604153632e-07,gene_2016
-1.46594225872834,1.91702674588423e-75,gene_2104
-1.46314319087924,8.08541798189822e-36,gene_2005
-1.45963118953977,2.69723473427786e-29,gene_4317
-1.45768415754005,2.28764751677514e-76,gene_2437
-1.44644487127539,1.87231519249733e-47,gene_701
-1.44231680953314,5.28509291620887e-62,gene_2887
-1.44152388165563,5.220288816315e-12,gene_3693
-1.44116146015526,4.95736576528443e-90,gene_5129
-1.4394735125297,1.21419568867483e-80,gene_4024
-1.43437659850363,9.13206739328265e-58,gene_1085
-1.43378826782704,9.13396399157827e-33,gene_6621
-1.4318171927922,4.78624924867237e-34,gene_2608
-1.4267289971198,1.95131997363097e-30,gene_4804
-1.42506568453842,0.00141417265709,gene_2143
-1.42462410312734,5.88901901231098e-23,gene_3505
-1.42390566571492,1.24409798166451e-28,gene_4894
-1.4219701343945,4.61108878432068e-08,gene_5911
-1.41991460691528,2.61389091343676e-34,gene_7072
-1.41638075068204,3.643321585514e-08,gene_3566
-1.414387919697,1.96650500764384e-16,gene_2577
-1.40985555050585,4.78434727559587e-11,gene_3492
-1.40871025923221,8.02573593090596e-36,gene_3808
-1.40710556483899,6.34158307239269e-137,gene_3716
-1.40267699846289,4.80455581815158e-24,gene_657
-1.39674019923564,9.69889123559592e-97,gene_7662
-1.39379061588244,1.12771747419518e-25,gene_3881
-1.39351792162875,2.40762766005434e-58,gene_3520
-1.39074451572139,3.60157743281055e-86,gene_2475
-1.38831187467409,3.37593029613903e-61,gene_1916
-1.38571111737487,9.93528173230785e-15,gene_5323
-1.38428011633054,1.77155651935485e-31,gene_3555
-1.38342739445283,3.57994669459967e-90,gene_1446
-1.38312951364443,6.93442581217685e-37,gene_2766
-1.38148408279516,2.34521763964644e-67,gene_5747
-1.3814114961693,1.10775455574674e-12,gene_5706
-1.38109330748375,8.80207173256874e-58,gene_4928
-1.38030632495784,4.04747972446456e-21,gene_3199
-1.37515879318076,1.5126705876597e-60,gene_3317
-1.36739245517341,3.78748226282378e-09,gene_4319
-1.3669980062492,1.50809577664128e-40,gene_4301
-1.36362569048321,4.47598871838167e-44,gene_1800
-1.35248627248485,3.2842075705697e-26,gene_2747
-1.34830453356418,2.8199836686823e-73,gene_1642
-1.34782406450729,4.30243466153365e-21,gene_6523
-1.34497789489867,1.51230400496871e-27,gene_3788
-1.34038751679681,8.71592989642285e-15,gene_3196
-1.33855102953349,1.64645320669891e-105,gene_1939
-1.33751111442066,2.5579226498441e-05,gene_186
-1.33623147966675,3.81141947825914e-10,gene_6098
-1.33470826883062,2.34761970683383e-88,gene_4891
-1.33080245547905,1.46188106540406e-56,gene_540
-1.32657931941737,2.65010528691255e-25,gene_5748
-1.32519297878238,1.02803878132907e-11,gene_4483
-1.32297337101082,9.63350371576938e-18,gene_1932
-1.322536568134,3.4995373792515e-40,gene_6635
-1.31941006926665,1.47585859875902e-24,gene_2685
-1.31832167698626,1.14917204908506e-164,gene_7444
-1.31508653766075,4.1435337397146e-30,gene_6611
-1.31437622524313,2.00880439678309e-16,gene_5039
-1.31025480015096,1.38600898206832e-22,gene_6837
-1.3100851910886,6.01260135462432e-58,gene_2038
-1.30964834889094,1.06752765239923e-16,gene_2605
-1.30852345955957,9.62608786045797e-32,gene_260
-1.30693669166786,5.42219758842471e-20,gene_5375
-1.3044477971354,1.09606541409871e-14,gene_87
-1.30032586023619,4.55168398516671e-97,gene_5382
-1.29894586369254,1.30881562436834e-22,gene_6796
-1.29319021914906,1.71717675366297e-77,gene_6196
-1.29134510223261,1.48899377415274e-16,gene_4690
-1.29109711517543,1.28795742585802e-13,gene_626
-1.27970546447019,3.58374847427093e-29,gene_4577
-1.27779198790443,1.08444157444351e-12,gene_2739
-1.27426752652227,2.08084850394681e-80,gene_7159
-1.27274007540371,3.37392887407284e-22,gene_567
-1.27193484173932,3.03056011049622e-122,gene_2052
-1.27122385692393,6.29566890439382e-29,gene_2538
-1.27061110875654,7.38476838610156e-16,gene_404
-1.26226962867143,6.80288231703822e-101,gene_416
-1.26126239794757,4.3180743579002e-11,gene_6125
-1.2603172301643,4.85152679648493e-33,gene_7260
-1.25801731301566,4.13893548982685e-19,gene_1116
-1.25629196129107,5.80651463633471e-09,gene_5879
-1.25588314407101,2.37037453337812e-74,gene_3147
-1.25261071733373,1.0563181094018e-56,gene_4480
-1.24400132844645,1.45258843221219e-11,gene_5503
-1.24353334741032,2.88467454297002e-60,gene_1224
-1.24086351905582,1.51182062193221e-54,gene_427
-1.23911645554798,4.4060611834638e-67,gene_3292
-1.23911588025987,7.9321814958272e-10,gene_6738
-1.23314223668643,4.1933797024028e-77,gene_1271
-1.22477047021871,1.95286570063723e-19,gene_2869
-1.22216948071343,6.57335964616971e-09,gene_2332
-1.22061123031076,6.41300557460031e-06,gene_565
-1.21891180563704,3.16651825919531e-35,gene_5778
-1.21245670413731,1.43631774132394e-46,gene_1474
-1.21154089956803,1.43252765986141e-22,gene_2037
-1.21063519867064,8.60691612189188e-33,gene_5080
-1.21024740497892,4.68070907419664e-19,gene_7346
-1.20978624604058,2.09628923676961e-16,gene_3131
-1.20697553798857,2.98924367047004e-06,gene_5019
-1.20116747605689,5.5612396605559e-38,gene_1094
-1.20018052863677,1.88486219396333e-19,gene_3753
-1.19804611478364,6.77831183117583e-28,gene_3048
-1.19465608378046,1.83767317172894e-80,gene_2563
-1.18986251899973,1.39796809018469e-25,gene_6439
-1.18885578979915,2.09624342100748e-17,gene_3829
-1.18640605203203,7.39946220186905e-08,gene_5511
-1.18486577761685,7.51117841728065e-35,gene_4732
-1.18445590135501,5.9216943523625e-10,gene_4585
-1.18436677754349,2.44652422328933e-08,gene_1270
-1.18349543023823,7.51476018333903e-10,gene_7455
-1.18298281325465,3.39079732237041e-98,gene_7030
-1.18279059836588,2.42715342717747e-101,gene_1655
-1.18225705119854,3.62556172804081e-34,gene_2323
-1.18193556010385,4.59565613725004e-61,gene_1770
-1.18090925778169,1.65246099937066e-14,gene_2087
-1.17956588481159,5.06619386175725e-21,gene_2441
-1.17873840370012,1.50412470771765e-18,gene_4610
-1.17493375674665,2.37250199037697e-22,gene_7171
-1.17447395634671,0.002900413954446,gene_6212
-1.17411042978906,6.42619243797418e-22,gene_3164
-1.17407058880715,5.6860507108054e-26,gene_7540
-1.17297449100858,2.52313039987053e-40,gene_5453
-1.17216068729442,5.12069439688475e-59,gene_566
-1.1715206980537,5.9853104724124e-08,gene_913
-1.17128443014462,1.77721215997447e-19,gene_1043
-1.17127939918293,1.27377724664882e-35,gene_3408
-1.17096816216357,4.25057811722964e-23,gene_6008
-1.16752468951671,2.50724350311207e-31,gene_1161
-1.1641082294655,1.26555027946992e-50,gene_5561
-1.16322854891895,1.32106077076074e-38,gene_6468
-1.1590638244294,3.97012281714443e-79,gene_4397
-1.1565397495416,2.70287689551711e-24,gene_2984
-1.15357416510197,2.91590839595379e-13,gene_6808
-1.14907418975201,5.56572875603594e-31,gene_5930
-1.14618832394758,7.46769290356917e-92,gene_2229
-1.14576130022065,0.001176605649433,gene_6129
-1.14568753216884,1.0045620784495e-44,gene_1575
-1.14304076025128,1.22541393446643e-33,gene_4608
-1.13571251980816,1.64405904709802e-29,gene_5720
-1.13471931361862,4.21666755652053e-45,gene_5475
-1.13303278971822,7.45148020561721e-17,gene_2845
-1.13225203465858,7.17602462229576e-16,gene_5063
-1.13185710077347,5.21282240182691e-56,gene_1851
-1.13095980812615,2.10013108448727e-16,gene_6227
-1.13061541590687,1.7992294347413e-48,gene_2303
-1.12868131146853,2.7140641483873e-52,gene_4206
-1.12464631950231,1.81611331181528e-46,gene_1254
-1.12406244145265,4.29593125092649e-36,gene_5742
-1.12206757584515,9.27403044660652e-95,gene_3672
-1.12155362611414,2.32049265654742e-24,gene_5176
-1.1210645246685,2.46299846097348e-46,gene_7380
-1.11982559953852,0.004623326814623,gene_2765
-1.11955738464282,5.7540360275677e-55,gene_6103
-1.11933555019859,1.85664833681133e-31,gene_4826
-1.1191702421302,4.70744857716385e-55,gene_4453
-1.11856410252536,1.09597053015435e-24,gene_1226
-1.11340308922084,5.18277366330828e-07,gene_4006
-1.11199536427122,0.00409356383063,gene_2920
-1.11151510386154,3.34506778658533e-28,gene_1629
-1.11135123682337,3.30198045202195e-67,gene_6683
-1.11111861561995,6.52377939707714e-71,gene_658
-1.11028229252314,1.02026253025396e-27,gene_1505
-1.10987850985028,1.49540386653929e-11,gene_159
-1.10481132921073,5.0830584971759e-28,gene_1823
-1.10348892751839,2.36195177309084e-65,gene_2706
-1.10117814592127,8.36837493278042e-08,gene_1305
-1.09311752840344,1.81024169626552e-16,gene_3605
-1.09230246712799,7.00023735178871e-26,gene_564
-1.09118274192971,1.10925031489702e-14,gene_5261
-1.08964348197377,1.28098482170786e-13,gene_6715
-1.08946922528894,1.55246818664455e-17,gene_1372
-1.0872822978376,2.47101106666304e-26,gene_1693
-1.08705518856532,5.9596382469769e-15,gene_3429
-1.08536703392223,1.96899333561807e-08,gene_1706
-1.08482675012092,8.52964732638948e-36,gene_3165
-1.08482086169847,1.3509796549553e-16,gene_907
-1.08433972177299,5.93618428431347e-46,gene_1434
-1.08418804729274,3.08655270958516e-11,gene_1320
-1.08356972284994,0.006197171048379,gene_4571
-1.08286361074791,2.00090338881031e-61,gene_3003
-1.08256974401939,2.75537173316306e-14,gene_1908
-1.08252349211662,3.64328198677468e-23,gene_6366
-1.08068555174483,3.26633182593e-41,gene_314
-1.08019677992327,6.58431489057723e-29,gene_1715
-1.07869242269352,1.09804374045169e-50,gene_6843
-1.07761869225591,4.55397160311654e-33,gene_2009
-1.07565322717334,1.65811767696189e-61,gene_3404
-1.07564447602874,5.11804824125966e-51,gene_5120
-1.07536824789384,7.83123609208646e-17,gene_458
-1.0742787423434,3.48905383597733e-34,gene_4540
-1.0705096048876,1.92257915011025e-13,gene_618
-1.06791134042643,5.80377438365232e-86,gene_2681
-1.06231740625256,8.96976454833748e-73,gene_4213
-1.06197238639524,3.33011745943161e-09,gene_7900
-1.05951844423926,3.34101434705039e-98,gene_4154
-1.05906815160638,2.43762054217291e-20,gene_4275
-1.05853445955181,6.58289789379723e-26,gene_784
-1.05538123096931,5.17695197283881e-28,gene_667
-1.05389283785645,5.92905461067801e-21,gene_4274
-1.05266284310058,9.56693904669564e-11,gene_6018
-1.05109789125089,3.07094267629485e-31,gene_5963
-1.05045189092575,1.42625492994022e-49,gene_279
-1.05038937475738,4.70518420541626e-28,gene_7034
-1.05007372617176,4.07792885768872e-46,gene_2495
-1.04827186556451,1.30152339753411e-21,gene_2843
-1.04763887038792,1.74890306793706e-38,gene_7233
-1.04713386873829,1.48943466270134e-12,gene_4794
-1.046788028198,9.69474202427588e-30,gene_2680
-1.04465806462632,5.33362223815614e-10,gene_7508
-1.04462511488257,0.000114634890553,gene_1905
-1.04441028511268,6.39983059838306e-14,gene_1361
-1.04421171710546,1.54923049546449e-18,gene_1162
-1.04407915781662,1.49236516964249e-25,gene_1868
-1.04262222929214,1.16752988438835e-55,gene_1479
-1.03996782174968,1.0898811369029e-52,gene_5437
-1.03785824546962,3.76887119014305e-39,gene_1989
-1.03743738877735,1.77148988950587e-22,gene_2888
-1.03726941521698,9.11282488408539e-27,gene_377
-1.036120418188,5.52026664163192e-30,gene_2688
-1.03314618836632,9.55035839125685e-35,gene_3539
-1.03226313926083,2.81914852578593e-18,gene_4763
-1.03092445338653,0.001278349203987,gene_5881
-1.03045683307177,7.7176558821045e-16,gene_4542
-1.02987881353905,7.30402457876195e-25,gene_2146
-1.02972556655264,1.02394861798464e-07,gene_978
-1.02466676343461,2.92872742813883e-08,gene_517
-1.02178887659368,1.9621040625407e-30,gene_4289
-1.02119929122533,1.90295550619778e-41,gene_5283
-1.01905571042185,4.15417417326646e-35,gene_2368
-1.01832134325499,4.60414334655252e-42,gene_873
-1.01787576385811,2.87540181563057e-40,gene_1112
-1.01723136150129,8.89955815375731e-15,gene_4846
-1.01654568777929,3.88961170679483e-14,gene_3841
-1.01268740443782,2.54979832512705e-38,gene_6237
-1.01079533790017,2.12556140727421e-70,gene_2690
-1.00653329638973,1.83269422590899e-15,gene_1952
-1.00651928595927,2.56595228162895e-11,gene_3358
-1.00510506973195,8.54458203541989e-51,gene_496
-1.00484022043615,9.09122559805023e-10,gene_1070
-1.00096182166548,3.49098669914793e-22,gene_4819
-1.00075593855928,4.66951008734447e-34,gene_815
-1.00024170617486,1.61915816141858e-57,gene_5015
